--
-- PostgreSQL database dump
--

\restrict Gnn7BdQGObbRmBryy4gh4oykkZoRHiuoeqatRc66knfmfEKBAgpsOKJ7RIsZfZ0

-- Dumped from database version 18.0
-- Dumped by pg_dump version 18.0

SET statement_timeout = 0;
SET lock_timeout = 0;
SET idle_in_transaction_session_timeout = 0;
SET transaction_timeout = 0;
SET client_encoding = 'UTF8';
SET standard_conforming_strings = on;
SELECT pg_catalog.set_config('search_path', '', false);
SET check_function_bodies = false;
SET xmloption = content;
SET client_min_messages = warning;
SET row_security = off;

SET default_tablespace = '';

SET default_table_access_method = heap;

--
-- Name: ai_service_aireportsummary; Type: TABLE; Schema: public; Owner: jek
--

CREATE TABLE public.ai_service_aireportsummary (
    id bigint NOT NULL,
    summary_text text NOT NULL,
    created_at timestamp with time zone NOT NULL,
    generated_by_id bigint,
    report_id bigint NOT NULL
);


ALTER TABLE public.ai_service_aireportsummary OWNER TO jek;

--
-- Name: ai_service_aireportsummary_id_seq; Type: SEQUENCE; Schema: public; Owner: jek
--

ALTER TABLE public.ai_service_aireportsummary ALTER COLUMN id ADD GENERATED BY DEFAULT AS IDENTITY (
    SEQUENCE NAME public.ai_service_aireportsummary_id_seq
    START WITH 1
    INCREMENT BY 1
    NO MINVALUE
    NO MAXVALUE
    CACHE 1
);


--
-- Name: auth_group; Type: TABLE; Schema: public; Owner: jek
--

CREATE TABLE public.auth_group (
    id integer NOT NULL,
    name character varying(150) NOT NULL
);


ALTER TABLE public.auth_group OWNER TO jek;

--
-- Name: auth_group_id_seq; Type: SEQUENCE; Schema: public; Owner: jek
--

ALTER TABLE public.auth_group ALTER COLUMN id ADD GENERATED BY DEFAULT AS IDENTITY (
    SEQUENCE NAME public.auth_group_id_seq
    START WITH 1
    INCREMENT BY 1
    NO MINVALUE
    NO MAXVALUE
    CACHE 1
);


--
-- Name: auth_group_permissions; Type: TABLE; Schema: public; Owner: jek
--

CREATE TABLE public.auth_group_permissions (
    id bigint NOT NULL,
    group_id integer NOT NULL,
    permission_id integer NOT NULL
);


ALTER TABLE public.auth_group_permissions OWNER TO jek;

--
-- Name: auth_group_permissions_id_seq; Type: SEQUENCE; Schema: public; Owner: jek
--

ALTER TABLE public.auth_group_permissions ALTER COLUMN id ADD GENERATED BY DEFAULT AS IDENTITY (
    SEQUENCE NAME public.auth_group_permissions_id_seq
    START WITH 1
    INCREMENT BY 1
    NO MINVALUE
    NO MAXVALUE
    CACHE 1
);


--
-- Name: auth_permission; Type: TABLE; Schema: public; Owner: jek
--

CREATE TABLE public.auth_permission (
    id integer NOT NULL,
    name character varying(255) NOT NULL,
    content_type_id integer NOT NULL,
    codename character varying(100) NOT NULL
);


ALTER TABLE public.auth_permission OWNER TO jek;

--
-- Name: auth_permission_id_seq; Type: SEQUENCE; Schema: public; Owner: jek
--

ALTER TABLE public.auth_permission ALTER COLUMN id ADD GENERATED BY DEFAULT AS IDENTITY (
    SEQUENCE NAME public.auth_permission_id_seq
    START WITH 1
    INCREMENT BY 1
    NO MINVALUE
    NO MAXVALUE
    CACHE 1
);


--
-- Name: django_admin_log; Type: TABLE; Schema: public; Owner: jek
--

CREATE TABLE public.django_admin_log (
    id integer NOT NULL,
    action_time timestamp with time zone NOT NULL,
    object_id text,
    object_repr character varying(200) NOT NULL,
    action_flag smallint NOT NULL,
    change_message text NOT NULL,
    content_type_id integer,
    user_id bigint NOT NULL,
    CONSTRAINT django_admin_log_action_flag_check CHECK ((action_flag >= 0))
);


ALTER TABLE public.django_admin_log OWNER TO jek;

--
-- Name: django_admin_log_id_seq; Type: SEQUENCE; Schema: public; Owner: jek
--

ALTER TABLE public.django_admin_log ALTER COLUMN id ADD GENERATED BY DEFAULT AS IDENTITY (
    SEQUENCE NAME public.django_admin_log_id_seq
    START WITH 1
    INCREMENT BY 1
    NO MINVALUE
    NO MAXVALUE
    CACHE 1
);


--
-- Name: django_content_type; Type: TABLE; Schema: public; Owner: jek
--

CREATE TABLE public.django_content_type (
    id integer NOT NULL,
    app_label character varying(100) NOT NULL,
    model character varying(100) NOT NULL
);


ALTER TABLE public.django_content_type OWNER TO jek;

--
-- Name: django_content_type_id_seq; Type: SEQUENCE; Schema: public; Owner: jek
--

ALTER TABLE public.django_content_type ALTER COLUMN id ADD GENERATED BY DEFAULT AS IDENTITY (
    SEQUENCE NAME public.django_content_type_id_seq
    START WITH 1
    INCREMENT BY 1
    NO MINVALUE
    NO MAXVALUE
    CACHE 1
);


--
-- Name: django_migrations; Type: TABLE; Schema: public; Owner: jek
--

CREATE TABLE public.django_migrations (
    id bigint NOT NULL,
    app character varying(255) NOT NULL,
    name character varying(255) NOT NULL,
    applied timestamp with time zone NOT NULL
);


ALTER TABLE public.django_migrations OWNER TO jek;

--
-- Name: django_migrations_id_seq; Type: SEQUENCE; Schema: public; Owner: jek
--

ALTER TABLE public.django_migrations ALTER COLUMN id ADD GENERATED BY DEFAULT AS IDENTITY (
    SEQUENCE NAME public.django_migrations_id_seq
    START WITH 1
    INCREMENT BY 1
    NO MINVALUE
    NO MAXVALUE
    CACHE 1
);


--
-- Name: django_session; Type: TABLE; Schema: public; Owner: jek
--

CREATE TABLE public.django_session (
    session_key character varying(40) NOT NULL,
    session_data text NOT NULL,
    expire_date timestamp with time zone NOT NULL
);


ALTER TABLE public.django_session OWNER TO jek;

--
-- Name: gso_accounts_department; Type: TABLE; Schema: public; Owner: jek
--

CREATE TABLE public.gso_accounts_department (
    id bigint NOT NULL,
    name character varying(255) NOT NULL
);


ALTER TABLE public.gso_accounts_department OWNER TO jek;

--
-- Name: gso_accounts_department_id_seq; Type: SEQUENCE; Schema: public; Owner: jek
--

ALTER TABLE public.gso_accounts_department ALTER COLUMN id ADD GENERATED BY DEFAULT AS IDENTITY (
    SEQUENCE NAME public.gso_accounts_department_id_seq
    START WITH 1
    INCREMENT BY 1
    NO MINVALUE
    NO MAXVALUE
    CACHE 1
);


--
-- Name: gso_accounts_unit; Type: TABLE; Schema: public; Owner: jek
--

CREATE TABLE public.gso_accounts_unit (
    id bigint NOT NULL,
    name character varying(100) NOT NULL
);


ALTER TABLE public.gso_accounts_unit OWNER TO jek;

--
-- Name: gso_accounts_unit_id_seq; Type: SEQUENCE; Schema: public; Owner: jek
--

ALTER TABLE public.gso_accounts_unit ALTER COLUMN id ADD GENERATED BY DEFAULT AS IDENTITY (
    SEQUENCE NAME public.gso_accounts_unit_id_seq
    START WITH 1
    INCREMENT BY 1
    NO MINVALUE
    NO MAXVALUE
    CACHE 1
);


--
-- Name: gso_accounts_user; Type: TABLE; Schema: public; Owner: jek
--

CREATE TABLE public.gso_accounts_user (
    id bigint NOT NULL,
    password character varying(128) NOT NULL,
    last_login timestamp with time zone,
    is_superuser boolean NOT NULL,
    username character varying(150) NOT NULL,
    first_name character varying(150) NOT NULL,
    last_name character varying(150) NOT NULL,
    email character varying(254) NOT NULL,
    is_staff boolean NOT NULL,
    is_active boolean NOT NULL,
    date_joined timestamp with time zone NOT NULL,
    account_status character varying(10) NOT NULL,
    role character varying(20) NOT NULL,
    department_id bigint,
    unit_id bigint
);


ALTER TABLE public.gso_accounts_user OWNER TO jek;

--
-- Name: gso_accounts_user_groups; Type: TABLE; Schema: public; Owner: jek
--

CREATE TABLE public.gso_accounts_user_groups (
    id bigint NOT NULL,
    user_id bigint NOT NULL,
    group_id integer NOT NULL
);


ALTER TABLE public.gso_accounts_user_groups OWNER TO jek;

--
-- Name: gso_accounts_user_groups_id_seq; Type: SEQUENCE; Schema: public; Owner: jek
--

ALTER TABLE public.gso_accounts_user_groups ALTER COLUMN id ADD GENERATED BY DEFAULT AS IDENTITY (
    SEQUENCE NAME public.gso_accounts_user_groups_id_seq
    START WITH 1
    INCREMENT BY 1
    NO MINVALUE
    NO MAXVALUE
    CACHE 1
);


--
-- Name: gso_accounts_user_id_seq; Type: SEQUENCE; Schema: public; Owner: jek
--

ALTER TABLE public.gso_accounts_user ALTER COLUMN id ADD GENERATED BY DEFAULT AS IDENTITY (
    SEQUENCE NAME public.gso_accounts_user_id_seq
    START WITH 1
    INCREMENT BY 1
    NO MINVALUE
    NO MAXVALUE
    CACHE 1
);


--
-- Name: gso_accounts_user_user_permissions; Type: TABLE; Schema: public; Owner: jek
--

CREATE TABLE public.gso_accounts_user_user_permissions (
    id bigint NOT NULL,
    user_id bigint NOT NULL,
    permission_id integer NOT NULL
);


ALTER TABLE public.gso_accounts_user_user_permissions OWNER TO jek;

--
-- Name: gso_accounts_user_user_permissions_id_seq; Type: SEQUENCE; Schema: public; Owner: jek
--

ALTER TABLE public.gso_accounts_user_user_permissions ALTER COLUMN id ADD GENERATED BY DEFAULT AS IDENTITY (
    SEQUENCE NAME public.gso_accounts_user_user_permissions_id_seq
    START WITH 1
    INCREMENT BY 1
    NO MINVALUE
    NO MAXVALUE
    CACHE 1
);


--
-- Name: gso_inventory_inventoryitem; Type: TABLE; Schema: public; Owner: jek
--

CREATE TABLE public.gso_inventory_inventoryitem (
    id bigint NOT NULL,
    name character varying(255) NOT NULL,
    description text,
    quantity integer NOT NULL,
    unit_of_measurement character varying(50) NOT NULL,
    category character varying(100),
    created_at timestamp with time zone NOT NULL,
    updated_at timestamp with time zone NOT NULL,
    is_active boolean NOT NULL,
    owned_by_id bigint,
    CONSTRAINT gso_inventory_inventoryitem_quantity_check CHECK ((quantity >= 0))
);


ALTER TABLE public.gso_inventory_inventoryitem OWNER TO jek;

--
-- Name: gso_inventory_inventoryitem_id_seq; Type: SEQUENCE; Schema: public; Owner: jek
--

ALTER TABLE public.gso_inventory_inventoryitem ALTER COLUMN id ADD GENERATED BY DEFAULT AS IDENTITY (
    SEQUENCE NAME public.gso_inventory_inventoryitem_id_seq
    START WITH 1
    INCREMENT BY 1
    NO MINVALUE
    NO MAXVALUE
    CACHE 1
);


--
-- Name: gso_migration_migrationupload; Type: TABLE; Schema: public; Owner: jek
--

CREATE TABLE public.gso_migration_migrationupload (
    id bigint NOT NULL,
    file character varying(100) NOT NULL,
    migration_type character varying(50) NOT NULL,
    uploaded_at timestamp with time zone NOT NULL,
    processed boolean NOT NULL,
    result_message text NOT NULL,
    uploaded_by_id bigint,
    target_unit_id bigint
);


ALTER TABLE public.gso_migration_migrationupload OWNER TO jek;

--
-- Name: gso_migration_migrationupload_id_seq; Type: SEQUENCE; Schema: public; Owner: jek
--

ALTER TABLE public.gso_migration_migrationupload ALTER COLUMN id ADD GENERATED BY DEFAULT AS IDENTITY (
    SEQUENCE NAME public.gso_migration_migrationupload_id_seq
    START WITH 1
    INCREMENT BY 1
    NO MINVALUE
    NO MAXVALUE
    CACHE 1
);


--
-- Name: gso_reports_ipmt; Type: TABLE; Schema: public; Owner: jek
--

CREATE TABLE public.gso_reports_ipmt (
    id bigint NOT NULL,
    month character varying(20) NOT NULL,
    accomplishment text,
    remarks text,
    created_at timestamp with time zone NOT NULL,
    updated_at timestamp with time zone NOT NULL,
    personnel_id bigint NOT NULL,
    unit_id bigint NOT NULL,
    indicator_id bigint NOT NULL
);


ALTER TABLE public.gso_reports_ipmt OWNER TO jek;

--
-- Name: gso_reports_ipmt_id_seq; Type: SEQUENCE; Schema: public; Owner: jek
--

ALTER TABLE public.gso_reports_ipmt ALTER COLUMN id ADD GENERATED BY DEFAULT AS IDENTITY (
    SEQUENCE NAME public.gso_reports_ipmt_id_seq
    START WITH 1
    INCREMENT BY 1
    NO MINVALUE
    NO MAXVALUE
    CACHE 1
);


--
-- Name: gso_reports_ipmt_reports; Type: TABLE; Schema: public; Owner: jek
--

CREATE TABLE public.gso_reports_ipmt_reports (
    id bigint NOT NULL,
    ipmt_id bigint NOT NULL,
    workaccomplishmentreport_id bigint NOT NULL
);


ALTER TABLE public.gso_reports_ipmt_reports OWNER TO jek;

--
-- Name: gso_reports_ipmt_reports_id_seq; Type: SEQUENCE; Schema: public; Owner: jek
--

ALTER TABLE public.gso_reports_ipmt_reports ALTER COLUMN id ADD GENERATED BY DEFAULT AS IDENTITY (
    SEQUENCE NAME public.gso_reports_ipmt_reports_id_seq
    START WITH 1
    INCREMENT BY 1
    NO MINVALUE
    NO MAXVALUE
    CACHE 1
);


--
-- Name: gso_reports_successindicator; Type: TABLE; Schema: public; Owner: jek
--

CREATE TABLE public.gso_reports_successindicator (
    id bigint NOT NULL,
    code character varying(20) NOT NULL,
    description text NOT NULL,
    is_active boolean NOT NULL,
    unit_id bigint NOT NULL
);


ALTER TABLE public.gso_reports_successindicator OWNER TO jek;

--
-- Name: gso_reports_successindicator_id_seq; Type: SEQUENCE; Schema: public; Owner: jek
--

ALTER TABLE public.gso_reports_successindicator ALTER COLUMN id ADD GENERATED BY DEFAULT AS IDENTITY (
    SEQUENCE NAME public.gso_reports_successindicator_id_seq
    START WITH 1
    INCREMENT BY 1
    NO MINVALUE
    NO MAXVALUE
    CACHE 1
);


--
-- Name: gso_reports_workaccomplishmentreport; Type: TABLE; Schema: public; Owner: jek
--

CREATE TABLE public.gso_reports_workaccomplishmentreport (
    id bigint NOT NULL,
    date_started date NOT NULL,
    date_completed date,
    activity_name character varying(255),
    description text NOT NULL,
    status character varying(50) NOT NULL,
    material_cost numeric(12,2) NOT NULL,
    labor_cost numeric(12,2) NOT NULL,
    total_cost numeric(12,2) NOT NULL,
    control_number character varying(100),
    created_at timestamp with time zone NOT NULL,
    request_id bigint,
    unit_id bigint NOT NULL,
    personnel_names text,
    requesting_office_name character varying(255),
    success_indicator_id bigint
);


ALTER TABLE public.gso_reports_workaccomplishmentreport OWNER TO jek;

--
-- Name: gso_reports_workaccomplishmentreport_assigned_personnel; Type: TABLE; Schema: public; Owner: jek
--

CREATE TABLE public.gso_reports_workaccomplishmentreport_assigned_personnel (
    id bigint CONSTRAINT gso_reports_workaccomplishmentreport_assigned_perso_id_not_null NOT NULL,
    workaccomplishmentreport_id bigint CONSTRAINT gso_reports_workaccomplishm_workaccomplishmentreport_i_not_null NOT NULL,
    user_id bigint CONSTRAINT gso_reports_workaccomplishmentreport_assigned__user_id_not_null NOT NULL
);


ALTER TABLE public.gso_reports_workaccomplishmentreport_assigned_personnel OWNER TO jek;

--
-- Name: gso_reports_workaccomplishmentreport_assigned_personnel_id_seq; Type: SEQUENCE; Schema: public; Owner: jek
--

ALTER TABLE public.gso_reports_workaccomplishmentreport_assigned_personnel ALTER COLUMN id ADD GENERATED BY DEFAULT AS IDENTITY (
    SEQUENCE NAME public.gso_reports_workaccomplishmentreport_assigned_personnel_id_seq
    START WITH 1
    INCREMENT BY 1
    NO MINVALUE
    NO MAXVALUE
    CACHE 1
);


--
-- Name: gso_reports_workaccomplishmentreport_id_seq; Type: SEQUENCE; Schema: public; Owner: jek
--

ALTER TABLE public.gso_reports_workaccomplishmentreport ALTER COLUMN id ADD GENERATED BY DEFAULT AS IDENTITY (
    SEQUENCE NAME public.gso_reports_workaccomplishmentreport_id_seq
    START WITH 1
    INCREMENT BY 1
    NO MINVALUE
    NO MAXVALUE
    CACHE 1
);


--
-- Name: gso_requests_requestmaterial; Type: TABLE; Schema: public; Owner: jek
--

CREATE TABLE public.gso_requests_requestmaterial (
    id bigint NOT NULL,
    quantity integer NOT NULL,
    material_id bigint NOT NULL,
    request_id bigint NOT NULL,
    CONSTRAINT gso_requests_requestmaterial_quantity_check CHECK ((quantity >= 0))
);


ALTER TABLE public.gso_requests_requestmaterial OWNER TO jek;

--
-- Name: gso_requests_requestmaterial_id_seq; Type: SEQUENCE; Schema: public; Owner: jek
--

ALTER TABLE public.gso_requests_requestmaterial ALTER COLUMN id ADD GENERATED BY DEFAULT AS IDENTITY (
    SEQUENCE NAME public.gso_requests_requestmaterial_id_seq
    START WITH 1
    INCREMENT BY 1
    NO MINVALUE
    NO MAXVALUE
    CACHE 1
);


--
-- Name: gso_requests_servicerequest; Type: TABLE; Schema: public; Owner: jek
--

CREATE TABLE public.gso_requests_servicerequest (
    id bigint NOT NULL,
    custom_full_name character varying(255),
    custom_email character varying(254),
    custom_contact_number character varying(50),
    activity_name character varying(255),
    description text NOT NULL,
    status character varying(20) NOT NULL,
    created_at timestamp with time zone NOT NULL,
    completed_at timestamp with time zone,
    department_id bigint,
    requestor_id bigint NOT NULL,
    unit_id bigint NOT NULL,
    selected_indicator_id bigint,
    attachment character varying(100)
);


ALTER TABLE public.gso_requests_servicerequest OWNER TO jek;

--
-- Name: gso_requests_servicerequest_assigned_personnel; Type: TABLE; Schema: public; Owner: jek
--

CREATE TABLE public.gso_requests_servicerequest_assigned_personnel (
    id bigint NOT NULL,
    servicerequest_id bigint CONSTRAINT gso_requests_servicerequest_assigned_servicerequest_id_not_null NOT NULL,
    user_id bigint NOT NULL
);


ALTER TABLE public.gso_requests_servicerequest_assigned_personnel OWNER TO jek;

--
-- Name: gso_requests_servicerequest_assigned_personnel_id_seq; Type: SEQUENCE; Schema: public; Owner: jek
--

ALTER TABLE public.gso_requests_servicerequest_assigned_personnel ALTER COLUMN id ADD GENERATED BY DEFAULT AS IDENTITY (
    SEQUENCE NAME public.gso_requests_servicerequest_assigned_personnel_id_seq
    START WITH 1
    INCREMENT BY 1
    NO MINVALUE
    NO MAXVALUE
    CACHE 1
);


--
-- Name: gso_requests_servicerequest_id_seq; Type: SEQUENCE; Schema: public; Owner: jek
--

ALTER TABLE public.gso_requests_servicerequest ALTER COLUMN id ADD GENERATED BY DEFAULT AS IDENTITY (
    SEQUENCE NAME public.gso_requests_servicerequest_id_seq
    START WITH 1
    INCREMENT BY 1
    NO MINVALUE
    NO MAXVALUE
    CACHE 1
);


--
-- Name: gso_requests_taskreport; Type: TABLE; Schema: public; Owner: jek
--

CREATE TABLE public.gso_requests_taskreport (
    id bigint NOT NULL,
    report_text text NOT NULL,
    created_at timestamp with time zone NOT NULL,
    personnel_id bigint NOT NULL,
    request_id bigint NOT NULL
);


ALTER TABLE public.gso_requests_taskreport OWNER TO jek;

--
-- Name: gso_requests_taskreport_id_seq; Type: SEQUENCE; Schema: public; Owner: jek
--

ALTER TABLE public.gso_requests_taskreport ALTER COLUMN id ADD GENERATED BY DEFAULT AS IDENTITY (
    SEQUENCE NAME public.gso_requests_taskreport_id_seq
    START WITH 1
    INCREMENT BY 1
    NO MINVALUE
    NO MAXVALUE
    CACHE 1
);


--
-- Name: notifications_notification; Type: TABLE; Schema: public; Owner: jek
--

CREATE TABLE public.notifications_notification (
    id bigint NOT NULL,
    message text NOT NULL,
    link character varying(200),
    is_read boolean NOT NULL,
    created_at timestamp with time zone NOT NULL,
    user_id bigint NOT NULL
);


ALTER TABLE public.notifications_notification OWNER TO jek;

--
-- Name: notifications_notification_id_seq; Type: SEQUENCE; Schema: public; Owner: jek
--

ALTER TABLE public.notifications_notification ALTER COLUMN id ADD GENERATED BY DEFAULT AS IDENTITY (
    SEQUENCE NAME public.notifications_notification_id_seq
    START WITH 1
    INCREMENT BY 1
    NO MINVALUE
    NO MAXVALUE
    CACHE 1
);


--
-- Data for Name: ai_service_aireportsummary; Type: TABLE DATA; Schema: public; Owner: jek
--

COPY public.ai_service_aireportsummary (id, summary_text, created_at, generated_by_id, report_id) FROM stdin;
\.


--
-- Data for Name: auth_group; Type: TABLE DATA; Schema: public; Owner: jek
--

COPY public.auth_group (id, name) FROM stdin;
\.


--
-- Data for Name: auth_group_permissions; Type: TABLE DATA; Schema: public; Owner: jek
--

COPY public.auth_group_permissions (id, group_id, permission_id) FROM stdin;
\.


--
-- Data for Name: auth_permission; Type: TABLE DATA; Schema: public; Owner: jek
--

COPY public.auth_permission (id, name, content_type_id, codename) FROM stdin;
1	Can add log entry	1	add_logentry
2	Can change log entry	1	change_logentry
3	Can delete log entry	1	delete_logentry
4	Can view log entry	1	view_logentry
5	Can add permission	2	add_permission
6	Can change permission	2	change_permission
7	Can delete permission	2	delete_permission
8	Can view permission	2	view_permission
9	Can add group	3	add_group
10	Can change group	3	change_group
11	Can delete group	3	delete_group
12	Can view group	3	view_group
13	Can add content type	4	add_contenttype
14	Can change content type	4	change_contenttype
15	Can delete content type	4	delete_contenttype
16	Can view content type	4	view_contenttype
17	Can add session	5	add_session
18	Can change session	5	change_session
19	Can delete session	5	delete_session
20	Can view session	5	view_session
21	Can add department	6	add_department
22	Can change department	6	change_department
23	Can delete department	6	delete_department
24	Can view department	6	view_department
25	Can add unit	7	add_unit
26	Can change unit	7	change_unit
27	Can delete unit	7	delete_unit
28	Can view unit	7	view_unit
29	Can add user	8	add_user
30	Can change user	8	change_user
31	Can delete user	8	delete_user
32	Can view user	8	view_user
33	Can add request material	9	add_requestmaterial
34	Can change request material	9	change_requestmaterial
35	Can delete request material	9	delete_requestmaterial
36	Can view request material	9	view_requestmaterial
37	Can add service request	10	add_servicerequest
38	Can change service request	10	change_servicerequest
39	Can delete service request	10	delete_servicerequest
40	Can view service request	10	view_servicerequest
41	Can add task report	11	add_taskreport
42	Can change task report	11	change_taskreport
43	Can delete task report	11	delete_taskreport
44	Can view task report	11	view_taskreport
45	Can add inventory item	12	add_inventoryitem
46	Can change inventory item	12	change_inventoryitem
47	Can delete inventory item	12	delete_inventoryitem
48	Can view inventory item	12	view_inventoryitem
49	Can add success indicator	13	add_successindicator
50	Can change success indicator	13	change_successindicator
51	Can delete success indicator	13	delete_successindicator
52	Can view success indicator	13	view_successindicator
53	Can add work accomplishment report	14	add_workaccomplishmentreport
54	Can change work accomplishment report	14	change_workaccomplishmentreport
55	Can delete work accomplishment report	14	delete_workaccomplishmentreport
56	Can view work accomplishment report	14	view_workaccomplishmentreport
57	Can add ipmt	15	add_ipmt
58	Can change ipmt	15	change_ipmt
59	Can delete ipmt	15	delete_ipmt
60	Can view ipmt	15	view_ipmt
61	Can add Data Migration	16	add_migrationupload
62	Can change Data Migration	16	change_migrationupload
63	Can delete Data Migration	16	delete_migrationupload
64	Can view Data Migration	16	view_migrationupload
65	Can add notification	17	add_notification
66	Can change notification	17	change_notification
67	Can delete notification	17	delete_notification
68	Can view notification	17	view_notification
69	Can add ai report summary	18	add_aireportsummary
70	Can change ai report summary	18	change_aireportsummary
71	Can delete ai report summary	18	delete_aireportsummary
72	Can view ai report summary	18	view_aireportsummary
\.


--
-- Data for Name: django_admin_log; Type: TABLE DATA; Schema: public; Owner: jek
--

COPY public.django_admin_log (id, action_time, object_id, object_repr, action_flag, change_message, content_type_id, user_id) FROM stdin;
1	2025-10-30 21:22:49.000736+08	1	Jake Magalaman (Director)	2	[{"changed": {"fields": ["First name", "Last name", "Email address", "Role"]}}]	8	1
2	2025-10-30 21:40:17.906489+08	1	College of Sciences	1	[{"added": {}}]	6	1
3	2025-10-30 21:40:23.576438+08	1	College of Sciences	2	[]	6	1
4	2025-10-30 21:42:38.928035+08	1	Electrical Unit	1	[{"added": {}}]	7	1
5	2025-10-30 21:51:08.303453+08	2	Repair and Maintenance Unit	1	[{"added": {}}]	7	1
6	2025-10-30 21:51:16.688395+08	2	Repair and Maintenance	2	[{"changed": {"fields": ["Name"]}}]	7	1
7	2025-10-30 21:51:21.622059+08	1	Electrical	2	[{"changed": {"fields": ["Name"]}}]	7	1
8	2025-10-30 21:51:41.24858+08	3	Motorpool	1	[{"added": {}}]	7	1
9	2025-10-30 21:51:57.676922+08	4	Utility	1	[{"added": {}}]	7	1
\.


--
-- Data for Name: django_content_type; Type: TABLE DATA; Schema: public; Owner: jek
--

COPY public.django_content_type (id, app_label, model) FROM stdin;
1	admin	logentry
2	auth	permission
3	auth	group
4	contenttypes	contenttype
5	sessions	session
6	gso_accounts	department
7	gso_accounts	unit
8	gso_accounts	user
9	gso_requests	requestmaterial
10	gso_requests	servicerequest
11	gso_requests	taskreport
12	gso_inventory	inventoryitem
13	gso_reports	successindicator
14	gso_reports	workaccomplishmentreport
15	gso_reports	ipmt
16	gso_migration	migrationupload
17	notifications	notification
18	ai_service	aireportsummary
\.


--
-- Data for Name: django_migrations; Type: TABLE DATA; Schema: public; Owner: jek
--

COPY public.django_migrations (id, app, name, applied) FROM stdin;
1	contenttypes	0001_initial	2025-10-30 21:17:43.210145+08
2	contenttypes	0002_remove_content_type_name	2025-10-30 21:17:43.226922+08
3	auth	0001_initial	2025-10-30 21:17:43.29617+08
4	auth	0002_alter_permission_name_max_length	2025-10-30 21:17:43.303208+08
5	auth	0003_alter_user_email_max_length	2025-10-30 21:17:43.31133+08
6	auth	0004_alter_user_username_opts	2025-10-30 21:17:43.318974+08
7	auth	0005_alter_user_last_login_null	2025-10-30 21:17:43.326763+08
8	auth	0006_require_contenttypes_0002	2025-10-30 21:17:43.328762+08
9	auth	0007_alter_validators_add_error_messages	2025-10-30 21:17:43.336387+08
10	auth	0008_alter_user_username_max_length	2025-10-30 21:17:43.3402+08
11	auth	0009_alter_user_last_name_max_length	2025-10-30 21:17:43.348106+08
12	auth	0010_alter_group_name_max_length	2025-10-30 21:17:43.356749+08
13	auth	0011_update_proxy_permissions	2025-10-30 21:17:43.372971+08
14	auth	0012_alter_user_first_name_max_length	2025-10-30 21:17:43.380977+08
15	gso_accounts	0001_initial	2025-10-30 21:17:43.471337+08
16	admin	0001_initial	2025-10-30 21:17:43.501339+08
17	admin	0002_logentry_remove_auto_add	2025-10-30 21:17:43.5129+08
18	admin	0003_logentry_add_action_flag_choices	2025-10-30 21:17:43.52871+08
19	gso_inventory	0001_initial	2025-10-30 21:17:43.562879+08
20	gso_requests	0001_initial	2025-10-30 21:17:43.692677+08
21	gso_reports	0001_initial	2025-10-30 21:17:43.845356+08
22	ai_service	0001_initial	2025-10-30 21:17:43.854534+08
23	ai_service	0002_initial	2025-10-30 21:17:43.904464+08
24	gso_migration	0001_initial	2025-10-30 21:17:43.915054+08
25	gso_migration	0002_datamigration_delete_migrationbatch	2025-10-30 21:17:43.924347+08
26	gso_migration	0003_alter_datamigration_target_model	2025-10-30 21:17:43.933081+08
27	gso_migration	0004_alter_datamigration_target_model	2025-10-30 21:17:43.93609+08
28	gso_migration	0005_migrationupload_delete_datamigration	2025-10-30 21:17:43.986018+08
29	gso_migration	0006_migrationupload_target_unit	2025-10-30 21:17:44.014277+08
30	gso_reports	0002_workaccomplishmentreport_personnel_names_and_more	2025-10-30 21:17:44.06373+08
31	gso_reports	0003_remove_workaccomplishmentreport_personnel_names_and_more	2025-10-30 21:17:44.123849+08
32	gso_reports	0004_workaccomplishmentreport_personnel_names_and_more	2025-10-30 21:17:44.177253+08
33	gso_reports	0005_remove_successindicator_activity_name_and_more	2025-10-30 21:17:44.278305+08
34	gso_requests	0002_servicerequest_selected_indicator	2025-10-30 21:17:44.315895+08
35	notifications	0001_initial	2025-10-30 21:17:44.370091+08
36	sessions	0001_initial	2025-10-30 21:17:44.386776+08
37	gso_requests	0003_servicerequest_attachment	2025-11-03 09:36:00.55816+08
\.


--
-- Data for Name: django_session; Type: TABLE DATA; Schema: public; Owner: jek
--

COPY public.django_session (session_key, session_data, expire_date) FROM stdin;
b4v5gc5nkb4kd1ca8qhl2m7laqqpsnp8	.eJxVjEEOwiAURO_C2hCgiMGle89A5n8-UjU0Ke3KeHdt0oVu5703L5WwLjWtXeY0ZnVWJ3X43Qj8kLaBfEe7TZqntswj6U3RO-36OmV5Xnb376Ci129N3g4MGznbYkwwsBmO_VEMYoQDiXDEYHyEdcUICgUXfIH1FEGk3h__jDjv:1vGrWF:LWNDYM_V2zNWb-wDt025C4irOGRW2vBAdgo_reLe4O0	2025-11-20 12:22:43.400262+08
unx70skw4vcr63l14va8s6opd33tpn6r	.eJxVjMsOwiAQRf-FtSG8QZfu-w2EGRipGpqUdmX8dyXpQpf3npPzYjHtW417L2ucM7swx06_HyR8lDZAvqd2WzgubVtn4EPhB-18WnJ5Xg_3L1BTryMrVPBAXluTiITGDAGkdNICWftdAEY5hSS8MGdKqDFYAyqD1w6dZO8P7SU4JA:1vHFX6:hQDDBblESmhiDiUdmqDnalqFSZzhuCQllauCqIN3MHc	2025-11-21 14:01:12.873343+08
\.


--
-- Data for Name: gso_accounts_department; Type: TABLE DATA; Schema: public; Owner: jek
--

COPY public.gso_accounts_department (id, name) FROM stdin;
1	College of Sciences
\.


--
-- Data for Name: gso_accounts_unit; Type: TABLE DATA; Schema: public; Owner: jek
--

COPY public.gso_accounts_unit (id, name) FROM stdin;
2	Repair and Maintenance
1	Electrical
3	Motorpool
4	Utility
\.


--
-- Data for Name: gso_accounts_user; Type: TABLE DATA; Schema: public; Owner: jek
--

COPY public.gso_accounts_user (id, password, last_login, is_superuser, username, first_name, last_name, email, is_staff, is_active, date_joined, account_status, role, department_id, unit_id) FROM stdin;
6	pbkdf2_sha256$1000000$D4M2uVIWRZql8c4CRmKOcR$gGygX2isYxTGoFt7NO9u+/lrrEpAqG+h1AIo62zZsGo=	2025-11-07 14:01:12.86282+08	f	requester				f	t	2025-11-01 00:16:11.72455+08	active	requestor	1	\N
3	pbkdf2_sha256$1000000$LSSSlLVYc9KCpQZB5MiVjr$wG+hNFIPnqV7E3rZjPt5P4qTUJNQdngZDKLHXDojuNA=	2025-11-06 12:19:58.774087+08	f	unithead	John	Legend		f	t	2025-11-01 00:14:03.298769+08	active	unit_head	\N	2
8	pbkdf2_sha256$1000000$xYYtWu02oG3zCRg8ODiGjs$OdSdNxMFqRsqXigFLqB++/3weKhjTR706rGhCNPnxdk=	2025-11-06 12:27:30.784408+08	f	personnel_electrical	John Cris	Gaite		f	t	2025-11-06 12:22:27.637105+08	active	personnel	\N	1
5	pbkdf2_sha256$1000000$rRHxSUSoN7Uqjw2wNk3tk7$LqrnYpiTApYJ5lpjxgT4q12hl7Rw13NJ+f1p+fe49Tk=	2025-11-06 12:02:59.951863+08	f	personnel_2	Pedro	Ambot		f	t	2025-11-01 00:15:45.991587+08	active	personnel	\N	2
7	pbkdf2_sha256$1000000$lbVNIqPo9qSQCpxYsvhRwq$asXMKGVN1a4koUbmMhQ9hffKvTXVPKl5u3fpZC4xpdQ=	2025-11-06 12:27:51.26976+08	f	electrical_unit_head	Kenn Dainiel	Paduga		f	t	2025-11-06 12:21:33.04209+08	active	unit_head	\N	1
2	pbkdf2_sha256$1000000$y9gDTcsgo0lmSMbrgvgTbM$KoKJsNTlreFlQdVcLmzjrPsq2H4FBki1pJAuDKsRgL4=	2025-11-06 12:03:56.139018+08	f	office	Akosi	Dawg		f	t	2025-10-30 21:54:47.89932+08	active	gso	\N	\N
1	pbkdf2_sha256$1000000$14q48CXo9IiUSDbF3oe4gZ$3l1j+vv08KpCX62ZvPl+POO3Ji9agYiX4oGJB7j+zhM=	2025-11-07 00:19:08.515702+08	t	admin	Jake	Magalaman	jek@psu.palawan.edu.ph	t	t	2025-10-30 21:19:15+08	active	director	\N	\N
4	pbkdf2_sha256$1000000$g6Mv3fwdZ9mruWRT1lf1PF$7+T0vFn2WGl2v554mmRji/3F+8WK+NrQai7BBebJ+DA=	2025-11-07 11:30:21.619512+08	f	personnel	Juan	Tamad		f	t	2025-11-01 00:15:02.325701+08	active	personnel	\N	2
\.


--
-- Data for Name: gso_accounts_user_groups; Type: TABLE DATA; Schema: public; Owner: jek
--

COPY public.gso_accounts_user_groups (id, user_id, group_id) FROM stdin;
\.


--
-- Data for Name: gso_accounts_user_user_permissions; Type: TABLE DATA; Schema: public; Owner: jek
--

COPY public.gso_accounts_user_user_permissions (id, user_id, permission_id) FROM stdin;
\.


--
-- Data for Name: gso_inventory_inventoryitem; Type: TABLE DATA; Schema: public; Owner: jek
--

COPY public.gso_inventory_inventoryitem (id, name, description, quantity, unit_of_measurement, category, created_at, updated_at, is_active, owned_by_id) FROM stdin;
\.


--
-- Data for Name: gso_migration_migrationupload; Type: TABLE DATA; Schema: public; Owner: jek
--

COPY public.gso_migration_migrationupload (id, file, migration_type, uploaded_at, processed, result_message, uploaded_by_id, target_unit_id) FROM stdin;
\.


--
-- Data for Name: gso_reports_ipmt; Type: TABLE DATA; Schema: public; Owner: jek
--

COPY public.gso_reports_ipmt (id, month, accomplishment, remarks, created_at, updated_at, personnel_id, unit_id, indicator_id) FROM stdin;
\.


--
-- Data for Name: gso_reports_ipmt_reports; Type: TABLE DATA; Schema: public; Owner: jek
--

COPY public.gso_reports_ipmt_reports (id, ipmt_id, workaccomplishmentreport_id) FROM stdin;
\.


--
-- Data for Name: gso_reports_successindicator; Type: TABLE DATA; Schema: public; Owner: jek
--

COPY public.gso_reports_successindicator (id, code, description, is_active, unit_id) FROM stdin;
\.


--
-- Data for Name: gso_reports_workaccomplishmentreport; Type: TABLE DATA; Schema: public; Owner: jek
--

COPY public.gso_reports_workaccomplishmentreport (id, date_started, date_completed, activity_name, description, status, material_cost, labor_cost, total_cost, control_number, created_at, request_id, unit_id, personnel_names, requesting_office_name, success_indicator_id) FROM stdin;
1	2025-10-31	2025-11-03	General Task		Completed	0.00	0.00	0.00	\N	2025-11-03 10:55:33.52118+08	1	2	\N	\N	\N
2	2025-11-03	2025-11-06	General Task		Completed	0.00	0.00	0.00	\N	2025-11-06 12:12:04.74953+08	2	2	\N	\N	\N
\.


--
-- Data for Name: gso_reports_workaccomplishmentreport_assigned_personnel; Type: TABLE DATA; Schema: public; Owner: jek
--

COPY public.gso_reports_workaccomplishmentreport_assigned_personnel (id, workaccomplishmentreport_id, user_id) FROM stdin;
1	1	4
2	1	5
3	2	4
\.


--
-- Data for Name: gso_requests_requestmaterial; Type: TABLE DATA; Schema: public; Owner: jek
--

COPY public.gso_requests_requestmaterial (id, quantity, material_id, request_id) FROM stdin;
\.


--
-- Data for Name: gso_requests_servicerequest; Type: TABLE DATA; Schema: public; Owner: jek
--

COPY public.gso_requests_servicerequest (id, custom_full_name, custom_email, custom_contact_number, activity_name, description, status, created_at, completed_at, department_id, requestor_id, unit_id, selected_indicator_id, attachment) FROM stdin;
1	Ben Ten	cs@psu.palawan.edu.ph	09123456789	\N	We need help fixing the door knob	Completed	2025-11-01 00:17:16.399968+08	2025-11-03 10:55:33.515323+08	1	6	2	\N	
3	Ben Ten	cs@psu.palawan.edu.ph	09123456789	\N	help me to fix the ceiling	Pending	2025-11-06 11:59:15.316309+08	\N	1	6	2	\N	
2	Ben Ten Ten	cs@psu.palawan.edu.ph	09123456789	\N	We need help fixing the window	Completed	2025-11-03 10:07:05.182799+08	2025-11-06 12:12:04.693962+08	1	6	2	\N	request_attachments/Screenshot_110.png
4	Kenjay Abados	cs@psu.palawan.edu.ph	09123456789	\N	please repair electricfan.	In Progress	2025-11-06 12:16:17.249016+08	\N	1	6	1	\N	request_attachments/Screenshot_110_1PdzQXP.png
5	Kenpy Jr	cs@psu.palawan.edu.ph	09123456789	\N	We need help fixing the door knob	Pending	2025-11-07 14:10:35.272971+08	\N	1	6	2	\N	request_attachments/Screenshot_117.png
\.


--
-- Data for Name: gso_requests_servicerequest_assigned_personnel; Type: TABLE DATA; Schema: public; Owner: jek
--

COPY public.gso_requests_servicerequest_assigned_personnel (id, servicerequest_id, user_id) FROM stdin;
1	1	4
2	1	5
3	2	4
4	3	5
5	4	8
\.


--
-- Data for Name: gso_requests_taskreport; Type: TABLE DATA; Schema: public; Owner: jek
--

COPY public.gso_requests_taskreport (id, report_text, created_at, personnel_id, request_id) FROM stdin;
1	the task is finished	2025-11-06 12:11:35.046617+08	4	2
2	still ongoing repair	2025-11-06 12:26:23.028202+08	8	4
\.


--
-- Data for Name: notifications_notification; Type: TABLE DATA; Schema: public; Owner: jek
--

COPY public.notifications_notification (id, message, link, is_read, created_at, user_id) FROM stdin;
\.


--
-- Name: ai_service_aireportsummary_id_seq; Type: SEQUENCE SET; Schema: public; Owner: jek
--

SELECT pg_catalog.setval('public.ai_service_aireportsummary_id_seq', 1, false);


--
-- Name: auth_group_id_seq; Type: SEQUENCE SET; Schema: public; Owner: jek
--

SELECT pg_catalog.setval('public.auth_group_id_seq', 1, false);


--
-- Name: auth_group_permissions_id_seq; Type: SEQUENCE SET; Schema: public; Owner: jek
--

SELECT pg_catalog.setval('public.auth_group_permissions_id_seq', 1, false);


--
-- Name: auth_permission_id_seq; Type: SEQUENCE SET; Schema: public; Owner: jek
--

SELECT pg_catalog.setval('public.auth_permission_id_seq', 72, true);


--
-- Name: django_admin_log_id_seq; Type: SEQUENCE SET; Schema: public; Owner: jek
--

SELECT pg_catalog.setval('public.django_admin_log_id_seq', 9, true);


--
-- Name: django_content_type_id_seq; Type: SEQUENCE SET; Schema: public; Owner: jek
--

SELECT pg_catalog.setval('public.django_content_type_id_seq', 18, true);


--
-- Name: django_migrations_id_seq; Type: SEQUENCE SET; Schema: public; Owner: jek
--

SELECT pg_catalog.setval('public.django_migrations_id_seq', 37, true);


--
-- Name: gso_accounts_department_id_seq; Type: SEQUENCE SET; Schema: public; Owner: jek
--

SELECT pg_catalog.setval('public.gso_accounts_department_id_seq', 1, true);


--
-- Name: gso_accounts_unit_id_seq; Type: SEQUENCE SET; Schema: public; Owner: jek
--

SELECT pg_catalog.setval('public.gso_accounts_unit_id_seq', 4, true);


--
-- Name: gso_accounts_user_groups_id_seq; Type: SEQUENCE SET; Schema: public; Owner: jek
--

SELECT pg_catalog.setval('public.gso_accounts_user_groups_id_seq', 1, false);


--
-- Name: gso_accounts_user_id_seq; Type: SEQUENCE SET; Schema: public; Owner: jek
--

SELECT pg_catalog.setval('public.gso_accounts_user_id_seq', 8, true);


--
-- Name: gso_accounts_user_user_permissions_id_seq; Type: SEQUENCE SET; Schema: public; Owner: jek
--

SELECT pg_catalog.setval('public.gso_accounts_user_user_permissions_id_seq', 1, false);


--
-- Name: gso_inventory_inventoryitem_id_seq; Type: SEQUENCE SET; Schema: public; Owner: jek
--

SELECT pg_catalog.setval('public.gso_inventory_inventoryitem_id_seq', 1, false);


--
-- Name: gso_migration_migrationupload_id_seq; Type: SEQUENCE SET; Schema: public; Owner: jek
--

SELECT pg_catalog.setval('public.gso_migration_migrationupload_id_seq', 1, false);


--
-- Name: gso_reports_ipmt_id_seq; Type: SEQUENCE SET; Schema: public; Owner: jek
--

SELECT pg_catalog.setval('public.gso_reports_ipmt_id_seq', 1, false);


--
-- Name: gso_reports_ipmt_reports_id_seq; Type: SEQUENCE SET; Schema: public; Owner: jek
--

SELECT pg_catalog.setval('public.gso_reports_ipmt_reports_id_seq', 1, false);


--
-- Name: gso_reports_successindicator_id_seq; Type: SEQUENCE SET; Schema: public; Owner: jek
--

SELECT pg_catalog.setval('public.gso_reports_successindicator_id_seq', 1, false);


--
-- Name: gso_reports_workaccomplishmentreport_assigned_personnel_id_seq; Type: SEQUENCE SET; Schema: public; Owner: jek
--

SELECT pg_catalog.setval('public.gso_reports_workaccomplishmentreport_assigned_personnel_id_seq', 3, true);


--
-- Name: gso_reports_workaccomplishmentreport_id_seq; Type: SEQUENCE SET; Schema: public; Owner: jek
--

SELECT pg_catalog.setval('public.gso_reports_workaccomplishmentreport_id_seq', 2, true);


--
-- Name: gso_requests_requestmaterial_id_seq; Type: SEQUENCE SET; Schema: public; Owner: jek
--

SELECT pg_catalog.setval('public.gso_requests_requestmaterial_id_seq', 1, false);


--
-- Name: gso_requests_servicerequest_assigned_personnel_id_seq; Type: SEQUENCE SET; Schema: public; Owner: jek
--

SELECT pg_catalog.setval('public.gso_requests_servicerequest_assigned_personnel_id_seq', 5, true);


--
-- Name: gso_requests_servicerequest_id_seq; Type: SEQUENCE SET; Schema: public; Owner: jek
--

SELECT pg_catalog.setval('public.gso_requests_servicerequest_id_seq', 5, true);


--
-- Name: gso_requests_taskreport_id_seq; Type: SEQUENCE SET; Schema: public; Owner: jek
--

SELECT pg_catalog.setval('public.gso_requests_taskreport_id_seq', 2, true);


--
-- Name: notifications_notification_id_seq; Type: SEQUENCE SET; Schema: public; Owner: jek
--

SELECT pg_catalog.setval('public.notifications_notification_id_seq', 1, false);


--
-- Name: ai_service_aireportsummary ai_service_aireportsummary_pkey; Type: CONSTRAINT; Schema: public; Owner: jek
--

ALTER TABLE ONLY public.ai_service_aireportsummary
    ADD CONSTRAINT ai_service_aireportsummary_pkey PRIMARY KEY (id);


--
-- Name: auth_group auth_group_name_key; Type: CONSTRAINT; Schema: public; Owner: jek
--

ALTER TABLE ONLY public.auth_group
    ADD CONSTRAINT auth_group_name_key UNIQUE (name);


--
-- Name: auth_group_permissions auth_group_permissions_group_id_permission_id_0cd325b0_uniq; Type: CONSTRAINT; Schema: public; Owner: jek
--

ALTER TABLE ONLY public.auth_group_permissions
    ADD CONSTRAINT auth_group_permissions_group_id_permission_id_0cd325b0_uniq UNIQUE (group_id, permission_id);


--
-- Name: auth_group_permissions auth_group_permissions_pkey; Type: CONSTRAINT; Schema: public; Owner: jek
--

ALTER TABLE ONLY public.auth_group_permissions
    ADD CONSTRAINT auth_group_permissions_pkey PRIMARY KEY (id);


--
-- Name: auth_group auth_group_pkey; Type: CONSTRAINT; Schema: public; Owner: jek
--

ALTER TABLE ONLY public.auth_group
    ADD CONSTRAINT auth_group_pkey PRIMARY KEY (id);


--
-- Name: auth_permission auth_permission_content_type_id_codename_01ab375a_uniq; Type: CONSTRAINT; Schema: public; Owner: jek
--

ALTER TABLE ONLY public.auth_permission
    ADD CONSTRAINT auth_permission_content_type_id_codename_01ab375a_uniq UNIQUE (content_type_id, codename);


--
-- Name: auth_permission auth_permission_pkey; Type: CONSTRAINT; Schema: public; Owner: jek
--

ALTER TABLE ONLY public.auth_permission
    ADD CONSTRAINT auth_permission_pkey PRIMARY KEY (id);


--
-- Name: django_admin_log django_admin_log_pkey; Type: CONSTRAINT; Schema: public; Owner: jek
--

ALTER TABLE ONLY public.django_admin_log
    ADD CONSTRAINT django_admin_log_pkey PRIMARY KEY (id);


--
-- Name: django_content_type django_content_type_app_label_model_76bd3d3b_uniq; Type: CONSTRAINT; Schema: public; Owner: jek
--

ALTER TABLE ONLY public.django_content_type
    ADD CONSTRAINT django_content_type_app_label_model_76bd3d3b_uniq UNIQUE (app_label, model);


--
-- Name: django_content_type django_content_type_pkey; Type: CONSTRAINT; Schema: public; Owner: jek
--

ALTER TABLE ONLY public.django_content_type
    ADD CONSTRAINT django_content_type_pkey PRIMARY KEY (id);


--
-- Name: django_migrations django_migrations_pkey; Type: CONSTRAINT; Schema: public; Owner: jek
--

ALTER TABLE ONLY public.django_migrations
    ADD CONSTRAINT django_migrations_pkey PRIMARY KEY (id);


--
-- Name: django_session django_session_pkey; Type: CONSTRAINT; Schema: public; Owner: jek
--

ALTER TABLE ONLY public.django_session
    ADD CONSTRAINT django_session_pkey PRIMARY KEY (session_key);


--
-- Name: gso_accounts_department gso_accounts_department_name_key; Type: CONSTRAINT; Schema: public; Owner: jek
--

ALTER TABLE ONLY public.gso_accounts_department
    ADD CONSTRAINT gso_accounts_department_name_key UNIQUE (name);


--
-- Name: gso_accounts_department gso_accounts_department_pkey; Type: CONSTRAINT; Schema: public; Owner: jek
--

ALTER TABLE ONLY public.gso_accounts_department
    ADD CONSTRAINT gso_accounts_department_pkey PRIMARY KEY (id);


--
-- Name: gso_accounts_unit gso_accounts_unit_name_key; Type: CONSTRAINT; Schema: public; Owner: jek
--

ALTER TABLE ONLY public.gso_accounts_unit
    ADD CONSTRAINT gso_accounts_unit_name_key UNIQUE (name);


--
-- Name: gso_accounts_unit gso_accounts_unit_pkey; Type: CONSTRAINT; Schema: public; Owner: jek
--

ALTER TABLE ONLY public.gso_accounts_unit
    ADD CONSTRAINT gso_accounts_unit_pkey PRIMARY KEY (id);


--
-- Name: gso_accounts_user_groups gso_accounts_user_groups_pkey; Type: CONSTRAINT; Schema: public; Owner: jek
--

ALTER TABLE ONLY public.gso_accounts_user_groups
    ADD CONSTRAINT gso_accounts_user_groups_pkey PRIMARY KEY (id);


--
-- Name: gso_accounts_user_groups gso_accounts_user_groups_user_id_group_id_ecef8f00_uniq; Type: CONSTRAINT; Schema: public; Owner: jek
--

ALTER TABLE ONLY public.gso_accounts_user_groups
    ADD CONSTRAINT gso_accounts_user_groups_user_id_group_id_ecef8f00_uniq UNIQUE (user_id, group_id);


--
-- Name: gso_accounts_user gso_accounts_user_pkey; Type: CONSTRAINT; Schema: public; Owner: jek
--

ALTER TABLE ONLY public.gso_accounts_user
    ADD CONSTRAINT gso_accounts_user_pkey PRIMARY KEY (id);


--
-- Name: gso_accounts_user_user_permissions gso_accounts_user_user_p_user_id_permission_id_7a7f21a4_uniq; Type: CONSTRAINT; Schema: public; Owner: jek
--

ALTER TABLE ONLY public.gso_accounts_user_user_permissions
    ADD CONSTRAINT gso_accounts_user_user_p_user_id_permission_id_7a7f21a4_uniq UNIQUE (user_id, permission_id);


--
-- Name: gso_accounts_user_user_permissions gso_accounts_user_user_permissions_pkey; Type: CONSTRAINT; Schema: public; Owner: jek
--

ALTER TABLE ONLY public.gso_accounts_user_user_permissions
    ADD CONSTRAINT gso_accounts_user_user_permissions_pkey PRIMARY KEY (id);


--
-- Name: gso_accounts_user gso_accounts_user_username_key; Type: CONSTRAINT; Schema: public; Owner: jek
--

ALTER TABLE ONLY public.gso_accounts_user
    ADD CONSTRAINT gso_accounts_user_username_key UNIQUE (username);


--
-- Name: gso_inventory_inventoryitem gso_inventory_inventoryitem_pkey; Type: CONSTRAINT; Schema: public; Owner: jek
--

ALTER TABLE ONLY public.gso_inventory_inventoryitem
    ADD CONSTRAINT gso_inventory_inventoryitem_pkey PRIMARY KEY (id);


--
-- Name: gso_migration_migrationupload gso_migration_migrationupload_pkey; Type: CONSTRAINT; Schema: public; Owner: jek
--

ALTER TABLE ONLY public.gso_migration_migrationupload
    ADD CONSTRAINT gso_migration_migrationupload_pkey PRIMARY KEY (id);


--
-- Name: gso_reports_ipmt gso_reports_ipmt_pkey; Type: CONSTRAINT; Schema: public; Owner: jek
--

ALTER TABLE ONLY public.gso_reports_ipmt
    ADD CONSTRAINT gso_reports_ipmt_pkey PRIMARY KEY (id);


--
-- Name: gso_reports_ipmt_reports gso_reports_ipmt_reports_ipmt_id_workaccomplishme_ac3a72f0_uniq; Type: CONSTRAINT; Schema: public; Owner: jek
--

ALTER TABLE ONLY public.gso_reports_ipmt_reports
    ADD CONSTRAINT gso_reports_ipmt_reports_ipmt_id_workaccomplishme_ac3a72f0_uniq UNIQUE (ipmt_id, workaccomplishmentreport_id);


--
-- Name: gso_reports_ipmt_reports gso_reports_ipmt_reports_pkey; Type: CONSTRAINT; Schema: public; Owner: jek
--

ALTER TABLE ONLY public.gso_reports_ipmt_reports
    ADD CONSTRAINT gso_reports_ipmt_reports_pkey PRIMARY KEY (id);


--
-- Name: gso_reports_successindicator gso_reports_successindicator_pkey; Type: CONSTRAINT; Schema: public; Owner: jek
--

ALTER TABLE ONLY public.gso_reports_successindicator
    ADD CONSTRAINT gso_reports_successindicator_pkey PRIMARY KEY (id);


--
-- Name: gso_reports_workaccomplishmentreport_assigned_personnel gso_reports_workaccompli_workaccomplishmentreport_2151d62b_uniq; Type: CONSTRAINT; Schema: public; Owner: jek
--

ALTER TABLE ONLY public.gso_reports_workaccomplishmentreport_assigned_personnel
    ADD CONSTRAINT gso_reports_workaccompli_workaccomplishmentreport_2151d62b_uniq UNIQUE (workaccomplishmentreport_id, user_id);


--
-- Name: gso_reports_workaccomplishmentreport_assigned_personnel gso_reports_workaccomplishmentreport_assigned_personnel_pkey; Type: CONSTRAINT; Schema: public; Owner: jek
--

ALTER TABLE ONLY public.gso_reports_workaccomplishmentreport_assigned_personnel
    ADD CONSTRAINT gso_reports_workaccomplishmentreport_assigned_personnel_pkey PRIMARY KEY (id);


--
-- Name: gso_reports_workaccomplishmentreport gso_reports_workaccomplishmentreport_control_number_key; Type: CONSTRAINT; Schema: public; Owner: jek
--

ALTER TABLE ONLY public.gso_reports_workaccomplishmentreport
    ADD CONSTRAINT gso_reports_workaccomplishmentreport_control_number_key UNIQUE (control_number);


--
-- Name: gso_reports_workaccomplishmentreport gso_reports_workaccomplishmentreport_pkey; Type: CONSTRAINT; Schema: public; Owner: jek
--

ALTER TABLE ONLY public.gso_reports_workaccomplishmentreport
    ADD CONSTRAINT gso_reports_workaccomplishmentreport_pkey PRIMARY KEY (id);


--
-- Name: gso_reports_workaccomplishmentreport gso_reports_workaccomplishmentreport_request_id_key; Type: CONSTRAINT; Schema: public; Owner: jek
--

ALTER TABLE ONLY public.gso_reports_workaccomplishmentreport
    ADD CONSTRAINT gso_reports_workaccomplishmentreport_request_id_key UNIQUE (request_id);


--
-- Name: gso_requests_requestmaterial gso_requests_requestmaterial_pkey; Type: CONSTRAINT; Schema: public; Owner: jek
--

ALTER TABLE ONLY public.gso_requests_requestmaterial
    ADD CONSTRAINT gso_requests_requestmaterial_pkey PRIMARY KEY (id);


--
-- Name: gso_requests_servicerequest_assigned_personnel gso_requests_servicerequ_servicerequest_id_user_i_fda56806_uniq; Type: CONSTRAINT; Schema: public; Owner: jek
--

ALTER TABLE ONLY public.gso_requests_servicerequest_assigned_personnel
    ADD CONSTRAINT gso_requests_servicerequ_servicerequest_id_user_i_fda56806_uniq UNIQUE (servicerequest_id, user_id);


--
-- Name: gso_requests_servicerequest_assigned_personnel gso_requests_servicerequest_assigned_personnel_pkey; Type: CONSTRAINT; Schema: public; Owner: jek
--

ALTER TABLE ONLY public.gso_requests_servicerequest_assigned_personnel
    ADD CONSTRAINT gso_requests_servicerequest_assigned_personnel_pkey PRIMARY KEY (id);


--
-- Name: gso_requests_servicerequest gso_requests_servicerequest_pkey; Type: CONSTRAINT; Schema: public; Owner: jek
--

ALTER TABLE ONLY public.gso_requests_servicerequest
    ADD CONSTRAINT gso_requests_servicerequest_pkey PRIMARY KEY (id);


--
-- Name: gso_requests_taskreport gso_requests_taskreport_pkey; Type: CONSTRAINT; Schema: public; Owner: jek
--

ALTER TABLE ONLY public.gso_requests_taskreport
    ADD CONSTRAINT gso_requests_taskreport_pkey PRIMARY KEY (id);


--
-- Name: notifications_notification notifications_notification_pkey; Type: CONSTRAINT; Schema: public; Owner: jek
--

ALTER TABLE ONLY public.notifications_notification
    ADD CONSTRAINT notifications_notification_pkey PRIMARY KEY (id);


--
-- Name: ai_service_aireportsummary_generated_by_id_7917362d; Type: INDEX; Schema: public; Owner: jek
--

CREATE INDEX ai_service_aireportsummary_generated_by_id_7917362d ON public.ai_service_aireportsummary USING btree (generated_by_id);


--
-- Name: ai_service_aireportsummary_report_id_b450a5d9; Type: INDEX; Schema: public; Owner: jek
--

CREATE INDEX ai_service_aireportsummary_report_id_b450a5d9 ON public.ai_service_aireportsummary USING btree (report_id);


--
-- Name: auth_group_name_a6ea08ec_like; Type: INDEX; Schema: public; Owner: jek
--

CREATE INDEX auth_group_name_a6ea08ec_like ON public.auth_group USING btree (name varchar_pattern_ops);


--
-- Name: auth_group_permissions_group_id_b120cbf9; Type: INDEX; Schema: public; Owner: jek
--

CREATE INDEX auth_group_permissions_group_id_b120cbf9 ON public.auth_group_permissions USING btree (group_id);


--
-- Name: auth_group_permissions_permission_id_84c5c92e; Type: INDEX; Schema: public; Owner: jek
--

CREATE INDEX auth_group_permissions_permission_id_84c5c92e ON public.auth_group_permissions USING btree (permission_id);


--
-- Name: auth_permission_content_type_id_2f476e4b; Type: INDEX; Schema: public; Owner: jek
--

CREATE INDEX auth_permission_content_type_id_2f476e4b ON public.auth_permission USING btree (content_type_id);


--
-- Name: django_admin_log_content_type_id_c4bce8eb; Type: INDEX; Schema: public; Owner: jek
--

CREATE INDEX django_admin_log_content_type_id_c4bce8eb ON public.django_admin_log USING btree (content_type_id);


--
-- Name: django_admin_log_user_id_c564eba6; Type: INDEX; Schema: public; Owner: jek
--

CREATE INDEX django_admin_log_user_id_c564eba6 ON public.django_admin_log USING btree (user_id);


--
-- Name: django_session_expire_date_a5c62663; Type: INDEX; Schema: public; Owner: jek
--

CREATE INDEX django_session_expire_date_a5c62663 ON public.django_session USING btree (expire_date);


--
-- Name: django_session_session_key_c0390e0f_like; Type: INDEX; Schema: public; Owner: jek
--

CREATE INDEX django_session_session_key_c0390e0f_like ON public.django_session USING btree (session_key varchar_pattern_ops);


--
-- Name: gso_accounts_department_name_39ed3737_like; Type: INDEX; Schema: public; Owner: jek
--

CREATE INDEX gso_accounts_department_name_39ed3737_like ON public.gso_accounts_department USING btree (name varchar_pattern_ops);


--
-- Name: gso_accounts_unit_name_d83158e4_like; Type: INDEX; Schema: public; Owner: jek
--

CREATE INDEX gso_accounts_unit_name_d83158e4_like ON public.gso_accounts_unit USING btree (name varchar_pattern_ops);


--
-- Name: gso_accounts_user_department_id_f6d82a56; Type: INDEX; Schema: public; Owner: jek
--

CREATE INDEX gso_accounts_user_department_id_f6d82a56 ON public.gso_accounts_user USING btree (department_id);


--
-- Name: gso_accounts_user_groups_group_id_0f4fca49; Type: INDEX; Schema: public; Owner: jek
--

CREATE INDEX gso_accounts_user_groups_group_id_0f4fca49 ON public.gso_accounts_user_groups USING btree (group_id);


--
-- Name: gso_accounts_user_groups_user_id_a4f013d0; Type: INDEX; Schema: public; Owner: jek
--

CREATE INDEX gso_accounts_user_groups_user_id_a4f013d0 ON public.gso_accounts_user_groups USING btree (user_id);


--
-- Name: gso_accounts_user_unit_id_15c50ce5; Type: INDEX; Schema: public; Owner: jek
--

CREATE INDEX gso_accounts_user_unit_id_15c50ce5 ON public.gso_accounts_user USING btree (unit_id);


--
-- Name: gso_accounts_user_user_permissions_permission_id_9eaebc99; Type: INDEX; Schema: public; Owner: jek
--

CREATE INDEX gso_accounts_user_user_permissions_permission_id_9eaebc99 ON public.gso_accounts_user_user_permissions USING btree (permission_id);


--
-- Name: gso_accounts_user_user_permissions_user_id_8d851d00; Type: INDEX; Schema: public; Owner: jek
--

CREATE INDEX gso_accounts_user_user_permissions_user_id_8d851d00 ON public.gso_accounts_user_user_permissions USING btree (user_id);


--
-- Name: gso_accounts_user_username_5f698ecd_like; Type: INDEX; Schema: public; Owner: jek
--

CREATE INDEX gso_accounts_user_username_5f698ecd_like ON public.gso_accounts_user USING btree (username varchar_pattern_ops);


--
-- Name: gso_inventory_inventoryitem_owned_by_id_56cebc7f; Type: INDEX; Schema: public; Owner: jek
--

CREATE INDEX gso_inventory_inventoryitem_owned_by_id_56cebc7f ON public.gso_inventory_inventoryitem USING btree (owned_by_id);


--
-- Name: gso_migration_migrationupload_target_unit_id_25f9b8f9; Type: INDEX; Schema: public; Owner: jek
--

CREATE INDEX gso_migration_migrationupload_target_unit_id_25f9b8f9 ON public.gso_migration_migrationupload USING btree (target_unit_id);


--
-- Name: gso_migration_migrationupload_uploaded_by_id_122b277a; Type: INDEX; Schema: public; Owner: jek
--

CREATE INDEX gso_migration_migrationupload_uploaded_by_id_122b277a ON public.gso_migration_migrationupload USING btree (uploaded_by_id);


--
-- Name: gso_reports_ipmt_indicator_id_d4e9f0be; Type: INDEX; Schema: public; Owner: jek
--

CREATE INDEX gso_reports_ipmt_indicator_id_d4e9f0be ON public.gso_reports_ipmt USING btree (indicator_id);


--
-- Name: gso_reports_ipmt_personnel_id_01e2e02c; Type: INDEX; Schema: public; Owner: jek
--

CREATE INDEX gso_reports_ipmt_personnel_id_01e2e02c ON public.gso_reports_ipmt USING btree (personnel_id);


--
-- Name: gso_reports_ipmt_reports_ipmt_id_3522a806; Type: INDEX; Schema: public; Owner: jek
--

CREATE INDEX gso_reports_ipmt_reports_ipmt_id_3522a806 ON public.gso_reports_ipmt_reports USING btree (ipmt_id);


--
-- Name: gso_reports_ipmt_reports_workaccomplishmentreport_id_11cf1102; Type: INDEX; Schema: public; Owner: jek
--

CREATE INDEX gso_reports_ipmt_reports_workaccomplishmentreport_id_11cf1102 ON public.gso_reports_ipmt_reports USING btree (workaccomplishmentreport_id);


--
-- Name: gso_reports_ipmt_unit_id_2846a166; Type: INDEX; Schema: public; Owner: jek
--

CREATE INDEX gso_reports_ipmt_unit_id_2846a166 ON public.gso_reports_ipmt USING btree (unit_id);


--
-- Name: gso_reports_successindicator_unit_id_a10ff6db; Type: INDEX; Schema: public; Owner: jek
--

CREATE INDEX gso_reports_successindicator_unit_id_a10ff6db ON public.gso_reports_successindicator USING btree (unit_id);


--
-- Name: gso_reports_workaccompli_control_number_bbbde0b3_like; Type: INDEX; Schema: public; Owner: jek
--

CREATE INDEX gso_reports_workaccompli_control_number_bbbde0b3_like ON public.gso_reports_workaccomplishmentreport USING btree (control_number varchar_pattern_ops);


--
-- Name: gso_reports_workaccomplish_success_indicator_id_c224aa7f; Type: INDEX; Schema: public; Owner: jek
--

CREATE INDEX gso_reports_workaccomplish_success_indicator_id_c224aa7f ON public.gso_reports_workaccomplishmentreport USING btree (success_indicator_id);


--
-- Name: gso_reports_workaccomplish_user_id_c27ac793; Type: INDEX; Schema: public; Owner: jek
--

CREATE INDEX gso_reports_workaccomplish_user_id_c27ac793 ON public.gso_reports_workaccomplishmentreport_assigned_personnel USING btree (user_id);


--
-- Name: gso_reports_workaccomplish_workaccomplishmentreport_i_761a04a8; Type: INDEX; Schema: public; Owner: jek
--

CREATE INDEX gso_reports_workaccomplish_workaccomplishmentreport_i_761a04a8 ON public.gso_reports_workaccomplishmentreport_assigned_personnel USING btree (workaccomplishmentreport_id);


--
-- Name: gso_reports_workaccomplishmentreport_unit_id_ce0ab2d7; Type: INDEX; Schema: public; Owner: jek
--

CREATE INDEX gso_reports_workaccomplishmentreport_unit_id_ce0ab2d7 ON public.gso_reports_workaccomplishmentreport USING btree (unit_id);


--
-- Name: gso_requests_requestmaterial_material_id_a63fe16b; Type: INDEX; Schema: public; Owner: jek
--

CREATE INDEX gso_requests_requestmaterial_material_id_a63fe16b ON public.gso_requests_requestmaterial USING btree (material_id);


--
-- Name: gso_requests_requestmaterial_request_id_8f428165; Type: INDEX; Schema: public; Owner: jek
--

CREATE INDEX gso_requests_requestmaterial_request_id_8f428165 ON public.gso_requests_requestmaterial USING btree (request_id);


--
-- Name: gso_requests_servicereques_servicerequest_id_21cce9a7; Type: INDEX; Schema: public; Owner: jek
--

CREATE INDEX gso_requests_servicereques_servicerequest_id_21cce9a7 ON public.gso_requests_servicerequest_assigned_personnel USING btree (servicerequest_id);


--
-- Name: gso_requests_servicerequest_assigned_personnel_user_id_72c1bf3c; Type: INDEX; Schema: public; Owner: jek
--

CREATE INDEX gso_requests_servicerequest_assigned_personnel_user_id_72c1bf3c ON public.gso_requests_servicerequest_assigned_personnel USING btree (user_id);


--
-- Name: gso_requests_servicerequest_department_id_f6d4dcb7; Type: INDEX; Schema: public; Owner: jek
--

CREATE INDEX gso_requests_servicerequest_department_id_f6d4dcb7 ON public.gso_requests_servicerequest USING btree (department_id);


--
-- Name: gso_requests_servicerequest_requestor_id_9bdf8aed; Type: INDEX; Schema: public; Owner: jek
--

CREATE INDEX gso_requests_servicerequest_requestor_id_9bdf8aed ON public.gso_requests_servicerequest USING btree (requestor_id);


--
-- Name: gso_requests_servicerequest_selected_indicator_id_40af71ec; Type: INDEX; Schema: public; Owner: jek
--

CREATE INDEX gso_requests_servicerequest_selected_indicator_id_40af71ec ON public.gso_requests_servicerequest USING btree (selected_indicator_id);


--
-- Name: gso_requests_servicerequest_unit_id_2c929a43; Type: INDEX; Schema: public; Owner: jek
--

CREATE INDEX gso_requests_servicerequest_unit_id_2c929a43 ON public.gso_requests_servicerequest USING btree (unit_id);


--
-- Name: gso_requests_taskreport_personnel_id_ad0d2e38; Type: INDEX; Schema: public; Owner: jek
--

CREATE INDEX gso_requests_taskreport_personnel_id_ad0d2e38 ON public.gso_requests_taskreport USING btree (personnel_id);


--
-- Name: gso_requests_taskreport_request_id_62ca67d7; Type: INDEX; Schema: public; Owner: jek
--

CREATE INDEX gso_requests_taskreport_request_id_62ca67d7 ON public.gso_requests_taskreport USING btree (request_id);


--
-- Name: notifications_notification_user_id_b5e8c0ff; Type: INDEX; Schema: public; Owner: jek
--

CREATE INDEX notifications_notification_user_id_b5e8c0ff ON public.notifications_notification USING btree (user_id);


--
-- Name: ai_service_aireportsummary ai_service_aireports_generated_by_id_7917362d_fk_gso_accou; Type: FK CONSTRAINT; Schema: public; Owner: jek
--

ALTER TABLE ONLY public.ai_service_aireportsummary
    ADD CONSTRAINT ai_service_aireports_generated_by_id_7917362d_fk_gso_accou FOREIGN KEY (generated_by_id) REFERENCES public.gso_accounts_user(id) DEFERRABLE INITIALLY DEFERRED;


--
-- Name: ai_service_aireportsummary ai_service_aireports_report_id_b450a5d9_fk_gso_repor; Type: FK CONSTRAINT; Schema: public; Owner: jek
--

ALTER TABLE ONLY public.ai_service_aireportsummary
    ADD CONSTRAINT ai_service_aireports_report_id_b450a5d9_fk_gso_repor FOREIGN KEY (report_id) REFERENCES public.gso_reports_workaccomplishmentreport(id) DEFERRABLE INITIALLY DEFERRED;


--
-- Name: auth_group_permissions auth_group_permissio_permission_id_84c5c92e_fk_auth_perm; Type: FK CONSTRAINT; Schema: public; Owner: jek
--

ALTER TABLE ONLY public.auth_group_permissions
    ADD CONSTRAINT auth_group_permissio_permission_id_84c5c92e_fk_auth_perm FOREIGN KEY (permission_id) REFERENCES public.auth_permission(id) DEFERRABLE INITIALLY DEFERRED;


--
-- Name: auth_group_permissions auth_group_permissions_group_id_b120cbf9_fk_auth_group_id; Type: FK CONSTRAINT; Schema: public; Owner: jek
--

ALTER TABLE ONLY public.auth_group_permissions
    ADD CONSTRAINT auth_group_permissions_group_id_b120cbf9_fk_auth_group_id FOREIGN KEY (group_id) REFERENCES public.auth_group(id) DEFERRABLE INITIALLY DEFERRED;


--
-- Name: auth_permission auth_permission_content_type_id_2f476e4b_fk_django_co; Type: FK CONSTRAINT; Schema: public; Owner: jek
--

ALTER TABLE ONLY public.auth_permission
    ADD CONSTRAINT auth_permission_content_type_id_2f476e4b_fk_django_co FOREIGN KEY (content_type_id) REFERENCES public.django_content_type(id) DEFERRABLE INITIALLY DEFERRED;


--
-- Name: django_admin_log django_admin_log_content_type_id_c4bce8eb_fk_django_co; Type: FK CONSTRAINT; Schema: public; Owner: jek
--

ALTER TABLE ONLY public.django_admin_log
    ADD CONSTRAINT django_admin_log_content_type_id_c4bce8eb_fk_django_co FOREIGN KEY (content_type_id) REFERENCES public.django_content_type(id) DEFERRABLE INITIALLY DEFERRED;


--
-- Name: django_admin_log django_admin_log_user_id_c564eba6_fk_gso_accounts_user_id; Type: FK CONSTRAINT; Schema: public; Owner: jek
--

ALTER TABLE ONLY public.django_admin_log
    ADD CONSTRAINT django_admin_log_user_id_c564eba6_fk_gso_accounts_user_id FOREIGN KEY (user_id) REFERENCES public.gso_accounts_user(id) DEFERRABLE INITIALLY DEFERRED;


--
-- Name: gso_accounts_user gso_accounts_user_department_id_f6d82a56_fk_gso_accou; Type: FK CONSTRAINT; Schema: public; Owner: jek
--

ALTER TABLE ONLY public.gso_accounts_user
    ADD CONSTRAINT gso_accounts_user_department_id_f6d82a56_fk_gso_accou FOREIGN KEY (department_id) REFERENCES public.gso_accounts_department(id) DEFERRABLE INITIALLY DEFERRED;


--
-- Name: gso_accounts_user_groups gso_accounts_user_gr_user_id_a4f013d0_fk_gso_accou; Type: FK CONSTRAINT; Schema: public; Owner: jek
--

ALTER TABLE ONLY public.gso_accounts_user_groups
    ADD CONSTRAINT gso_accounts_user_gr_user_id_a4f013d0_fk_gso_accou FOREIGN KEY (user_id) REFERENCES public.gso_accounts_user(id) DEFERRABLE INITIALLY DEFERRED;


--
-- Name: gso_accounts_user_groups gso_accounts_user_groups_group_id_0f4fca49_fk_auth_group_id; Type: FK CONSTRAINT; Schema: public; Owner: jek
--

ALTER TABLE ONLY public.gso_accounts_user_groups
    ADD CONSTRAINT gso_accounts_user_groups_group_id_0f4fca49_fk_auth_group_id FOREIGN KEY (group_id) REFERENCES public.auth_group(id) DEFERRABLE INITIALLY DEFERRED;


--
-- Name: gso_accounts_user gso_accounts_user_unit_id_15c50ce5_fk_gso_accounts_unit_id; Type: FK CONSTRAINT; Schema: public; Owner: jek
--

ALTER TABLE ONLY public.gso_accounts_user
    ADD CONSTRAINT gso_accounts_user_unit_id_15c50ce5_fk_gso_accounts_unit_id FOREIGN KEY (unit_id) REFERENCES public.gso_accounts_unit(id) DEFERRABLE INITIALLY DEFERRED;


--
-- Name: gso_accounts_user_user_permissions gso_accounts_user_us_permission_id_9eaebc99_fk_auth_perm; Type: FK CONSTRAINT; Schema: public; Owner: jek
--

ALTER TABLE ONLY public.gso_accounts_user_user_permissions
    ADD CONSTRAINT gso_accounts_user_us_permission_id_9eaebc99_fk_auth_perm FOREIGN KEY (permission_id) REFERENCES public.auth_permission(id) DEFERRABLE INITIALLY DEFERRED;


--
-- Name: gso_accounts_user_user_permissions gso_accounts_user_us_user_id_8d851d00_fk_gso_accou; Type: FK CONSTRAINT; Schema: public; Owner: jek
--

ALTER TABLE ONLY public.gso_accounts_user_user_permissions
    ADD CONSTRAINT gso_accounts_user_us_user_id_8d851d00_fk_gso_accou FOREIGN KEY (user_id) REFERENCES public.gso_accounts_user(id) DEFERRABLE INITIALLY DEFERRED;


--
-- Name: gso_inventory_inventoryitem gso_inventory_invent_owned_by_id_56cebc7f_fk_gso_accou; Type: FK CONSTRAINT; Schema: public; Owner: jek
--

ALTER TABLE ONLY public.gso_inventory_inventoryitem
    ADD CONSTRAINT gso_inventory_invent_owned_by_id_56cebc7f_fk_gso_accou FOREIGN KEY (owned_by_id) REFERENCES public.gso_accounts_unit(id) DEFERRABLE INITIALLY DEFERRED;


--
-- Name: gso_migration_migrationupload gso_migration_migrat_target_unit_id_25f9b8f9_fk_gso_accou; Type: FK CONSTRAINT; Schema: public; Owner: jek
--

ALTER TABLE ONLY public.gso_migration_migrationupload
    ADD CONSTRAINT gso_migration_migrat_target_unit_id_25f9b8f9_fk_gso_accou FOREIGN KEY (target_unit_id) REFERENCES public.gso_accounts_unit(id) DEFERRABLE INITIALLY DEFERRED;


--
-- Name: gso_migration_migrationupload gso_migration_migrat_uploaded_by_id_122b277a_fk_gso_accou; Type: FK CONSTRAINT; Schema: public; Owner: jek
--

ALTER TABLE ONLY public.gso_migration_migrationupload
    ADD CONSTRAINT gso_migration_migrat_uploaded_by_id_122b277a_fk_gso_accou FOREIGN KEY (uploaded_by_id) REFERENCES public.gso_accounts_user(id) DEFERRABLE INITIALLY DEFERRED;


--
-- Name: gso_reports_ipmt gso_reports_ipmt_indicator_id_d4e9f0be_fk_gso_repor; Type: FK CONSTRAINT; Schema: public; Owner: jek
--

ALTER TABLE ONLY public.gso_reports_ipmt
    ADD CONSTRAINT gso_reports_ipmt_indicator_id_d4e9f0be_fk_gso_repor FOREIGN KEY (indicator_id) REFERENCES public.gso_reports_successindicator(id) DEFERRABLE INITIALLY DEFERRED;


--
-- Name: gso_reports_ipmt gso_reports_ipmt_personnel_id_01e2e02c_fk_gso_accounts_user_id; Type: FK CONSTRAINT; Schema: public; Owner: jek
--

ALTER TABLE ONLY public.gso_reports_ipmt
    ADD CONSTRAINT gso_reports_ipmt_personnel_id_01e2e02c_fk_gso_accounts_user_id FOREIGN KEY (personnel_id) REFERENCES public.gso_accounts_user(id) DEFERRABLE INITIALLY DEFERRED;


--
-- Name: gso_reports_ipmt_reports gso_reports_ipmt_rep_ipmt_id_3522a806_fk_gso_repor; Type: FK CONSTRAINT; Schema: public; Owner: jek
--

ALTER TABLE ONLY public.gso_reports_ipmt_reports
    ADD CONSTRAINT gso_reports_ipmt_rep_ipmt_id_3522a806_fk_gso_repor FOREIGN KEY (ipmt_id) REFERENCES public.gso_reports_ipmt(id) DEFERRABLE INITIALLY DEFERRED;


--
-- Name: gso_reports_ipmt_reports gso_reports_ipmt_rep_workaccomplishmentre_11cf1102_fk_gso_repor; Type: FK CONSTRAINT; Schema: public; Owner: jek
--

ALTER TABLE ONLY public.gso_reports_ipmt_reports
    ADD CONSTRAINT gso_reports_ipmt_rep_workaccomplishmentre_11cf1102_fk_gso_repor FOREIGN KEY (workaccomplishmentreport_id) REFERENCES public.gso_reports_workaccomplishmentreport(id) DEFERRABLE INITIALLY DEFERRED;


--
-- Name: gso_reports_ipmt gso_reports_ipmt_unit_id_2846a166_fk_gso_accounts_unit_id; Type: FK CONSTRAINT; Schema: public; Owner: jek
--

ALTER TABLE ONLY public.gso_reports_ipmt
    ADD CONSTRAINT gso_reports_ipmt_unit_id_2846a166_fk_gso_accounts_unit_id FOREIGN KEY (unit_id) REFERENCES public.gso_accounts_unit(id) DEFERRABLE INITIALLY DEFERRED;


--
-- Name: gso_reports_successindicator gso_reports_successi_unit_id_a10ff6db_fk_gso_accou; Type: FK CONSTRAINT; Schema: public; Owner: jek
--

ALTER TABLE ONLY public.gso_reports_successindicator
    ADD CONSTRAINT gso_reports_successi_unit_id_a10ff6db_fk_gso_accou FOREIGN KEY (unit_id) REFERENCES public.gso_accounts_unit(id) DEFERRABLE INITIALLY DEFERRED;


--
-- Name: gso_reports_workaccomplishmentreport gso_reports_workacco_request_id_cf2e6b52_fk_gso_reque; Type: FK CONSTRAINT; Schema: public; Owner: jek
--

ALTER TABLE ONLY public.gso_reports_workaccomplishmentreport
    ADD CONSTRAINT gso_reports_workacco_request_id_cf2e6b52_fk_gso_reque FOREIGN KEY (request_id) REFERENCES public.gso_requests_servicerequest(id) DEFERRABLE INITIALLY DEFERRED;


--
-- Name: gso_reports_workaccomplishmentreport gso_reports_workacco_success_indicator_id_c224aa7f_fk_gso_repor; Type: FK CONSTRAINT; Schema: public; Owner: jek
--

ALTER TABLE ONLY public.gso_reports_workaccomplishmentreport
    ADD CONSTRAINT gso_reports_workacco_success_indicator_id_c224aa7f_fk_gso_repor FOREIGN KEY (success_indicator_id) REFERENCES public.gso_reports_successindicator(id) DEFERRABLE INITIALLY DEFERRED;


--
-- Name: gso_reports_workaccomplishmentreport gso_reports_workacco_unit_id_ce0ab2d7_fk_gso_accou; Type: FK CONSTRAINT; Schema: public; Owner: jek
--

ALTER TABLE ONLY public.gso_reports_workaccomplishmentreport
    ADD CONSTRAINT gso_reports_workacco_unit_id_ce0ab2d7_fk_gso_accou FOREIGN KEY (unit_id) REFERENCES public.gso_accounts_unit(id) DEFERRABLE INITIALLY DEFERRED;


--
-- Name: gso_reports_workaccomplishmentreport_assigned_personnel gso_reports_workacco_user_id_c27ac793_fk_gso_accou; Type: FK CONSTRAINT; Schema: public; Owner: jek
--

ALTER TABLE ONLY public.gso_reports_workaccomplishmentreport_assigned_personnel
    ADD CONSTRAINT gso_reports_workacco_user_id_c27ac793_fk_gso_accou FOREIGN KEY (user_id) REFERENCES public.gso_accounts_user(id) DEFERRABLE INITIALLY DEFERRED;


--
-- Name: gso_reports_workaccomplishmentreport_assigned_personnel gso_reports_workacco_workaccomplishmentre_761a04a8_fk_gso_repor; Type: FK CONSTRAINT; Schema: public; Owner: jek
--

ALTER TABLE ONLY public.gso_reports_workaccomplishmentreport_assigned_personnel
    ADD CONSTRAINT gso_reports_workacco_workaccomplishmentre_761a04a8_fk_gso_repor FOREIGN KEY (workaccomplishmentreport_id) REFERENCES public.gso_reports_workaccomplishmentreport(id) DEFERRABLE INITIALLY DEFERRED;


--
-- Name: gso_requests_requestmaterial gso_requests_request_material_id_a63fe16b_fk_gso_inven; Type: FK CONSTRAINT; Schema: public; Owner: jek
--

ALTER TABLE ONLY public.gso_requests_requestmaterial
    ADD CONSTRAINT gso_requests_request_material_id_a63fe16b_fk_gso_inven FOREIGN KEY (material_id) REFERENCES public.gso_inventory_inventoryitem(id) DEFERRABLE INITIALLY DEFERRED;


--
-- Name: gso_requests_requestmaterial gso_requests_request_request_id_8f428165_fk_gso_reque; Type: FK CONSTRAINT; Schema: public; Owner: jek
--

ALTER TABLE ONLY public.gso_requests_requestmaterial
    ADD CONSTRAINT gso_requests_request_request_id_8f428165_fk_gso_reque FOREIGN KEY (request_id) REFERENCES public.gso_requests_servicerequest(id) DEFERRABLE INITIALLY DEFERRED;


--
-- Name: gso_requests_servicerequest gso_requests_service_department_id_f6d4dcb7_fk_gso_accou; Type: FK CONSTRAINT; Schema: public; Owner: jek
--

ALTER TABLE ONLY public.gso_requests_servicerequest
    ADD CONSTRAINT gso_requests_service_department_id_f6d4dcb7_fk_gso_accou FOREIGN KEY (department_id) REFERENCES public.gso_accounts_department(id) DEFERRABLE INITIALLY DEFERRED;


--
-- Name: gso_requests_servicerequest gso_requests_service_requestor_id_9bdf8aed_fk_gso_accou; Type: FK CONSTRAINT; Schema: public; Owner: jek
--

ALTER TABLE ONLY public.gso_requests_servicerequest
    ADD CONSTRAINT gso_requests_service_requestor_id_9bdf8aed_fk_gso_accou FOREIGN KEY (requestor_id) REFERENCES public.gso_accounts_user(id) DEFERRABLE INITIALLY DEFERRED;


--
-- Name: gso_requests_servicerequest gso_requests_service_selected_indicator_i_40af71ec_fk_gso_repor; Type: FK CONSTRAINT; Schema: public; Owner: jek
--

ALTER TABLE ONLY public.gso_requests_servicerequest
    ADD CONSTRAINT gso_requests_service_selected_indicator_i_40af71ec_fk_gso_repor FOREIGN KEY (selected_indicator_id) REFERENCES public.gso_reports_successindicator(id) DEFERRABLE INITIALLY DEFERRED;


--
-- Name: gso_requests_servicerequest_assigned_personnel gso_requests_service_servicerequest_id_21cce9a7_fk_gso_reque; Type: FK CONSTRAINT; Schema: public; Owner: jek
--

ALTER TABLE ONLY public.gso_requests_servicerequest_assigned_personnel
    ADD CONSTRAINT gso_requests_service_servicerequest_id_21cce9a7_fk_gso_reque FOREIGN KEY (servicerequest_id) REFERENCES public.gso_requests_servicerequest(id) DEFERRABLE INITIALLY DEFERRED;


--
-- Name: gso_requests_servicerequest gso_requests_service_unit_id_2c929a43_fk_gso_accou; Type: FK CONSTRAINT; Schema: public; Owner: jek
--

ALTER TABLE ONLY public.gso_requests_servicerequest
    ADD CONSTRAINT gso_requests_service_unit_id_2c929a43_fk_gso_accou FOREIGN KEY (unit_id) REFERENCES public.gso_accounts_unit(id) DEFERRABLE INITIALLY DEFERRED;


--
-- Name: gso_requests_servicerequest_assigned_personnel gso_requests_service_user_id_72c1bf3c_fk_gso_accou; Type: FK CONSTRAINT; Schema: public; Owner: jek
--

ALTER TABLE ONLY public.gso_requests_servicerequest_assigned_personnel
    ADD CONSTRAINT gso_requests_service_user_id_72c1bf3c_fk_gso_accou FOREIGN KEY (user_id) REFERENCES public.gso_accounts_user(id) DEFERRABLE INITIALLY DEFERRED;


--
-- Name: gso_requests_taskreport gso_requests_taskrep_personnel_id_ad0d2e38_fk_gso_accou; Type: FK CONSTRAINT; Schema: public; Owner: jek
--

ALTER TABLE ONLY public.gso_requests_taskreport
    ADD CONSTRAINT gso_requests_taskrep_personnel_id_ad0d2e38_fk_gso_accou FOREIGN KEY (personnel_id) REFERENCES public.gso_accounts_user(id) DEFERRABLE INITIALLY DEFERRED;


--
-- Name: gso_requests_taskreport gso_requests_taskrep_request_id_62ca67d7_fk_gso_reque; Type: FK CONSTRAINT; Schema: public; Owner: jek
--

ALTER TABLE ONLY public.gso_requests_taskreport
    ADD CONSTRAINT gso_requests_taskrep_request_id_62ca67d7_fk_gso_reque FOREIGN KEY (request_id) REFERENCES public.gso_requests_servicerequest(id) DEFERRABLE INITIALLY DEFERRED;


--
-- Name: notifications_notification notifications_notifi_user_id_b5e8c0ff_fk_gso_accou; Type: FK CONSTRAINT; Schema: public; Owner: jek
--

ALTER TABLE ONLY public.notifications_notification
    ADD CONSTRAINT notifications_notifi_user_id_b5e8c0ff_fk_gso_accou FOREIGN KEY (user_id) REFERENCES public.gso_accounts_user(id) DEFERRABLE INITIALLY DEFERRED;


--
-- PostgreSQL database dump complete
--

\unrestrict Gnn7BdQGObbRmBryy4gh4oykkZoRHiuoeqatRc66knfmfEKBAgpsOKJ7RIsZfZ0

